,lnl,theta,T,nu0,s,nu1
params,-106.21504611124686,1120.612302882818,0.3274484800187632,2.3487193968568536,0.0,1.0
std_gim,,,,,,
