,lnl,theta,T,nu0,s,nu1
params,-117.73185571702777,2037.6884348315796,0.6496859837238017,4.111718570724114,0.0,1.0
std_gim,,,,,,
