,lnl,theta,T,nu0,s,nu1
params,-112.72525374944506,1912.7739374606601,0.7709983261842365,374.9709920802303,0.4581729261580758,0.014630757191240597
std_gim,,,,,,
