,lnl,theta,T,nu0,s,nu1
params,-114.54262693664737,1211.3108127280789,0.169154113140843,2.7438051387141185,0.0,1.0
std_gim,,,,,,
