,lnl,theta,nu0,c,T
params,-513.1935817043277,3144.120561110324,853.9102394718868,1.6709540052366318,0.06573592809475505
std_gim,,,184.54562560324834,0.36112373174396434,0.03114532099901564
