,lnl,theta,T,nu1,nu2,m01,m10
params,-2347.077470319088,3298.849730655711,0.07156694483843538,998.4503405662465,0.09260138470560654,0.5340294905020064,1.8799712617904363
std_gim,,306.36103880019095,0.03274351506997879,511.745173296908,0.024351465418304217,0.7073837830131173,0.33812535161933366
