,lnl,theta,T,nu0,s,nu1
params,-513.8861517567566,3145.3972582617744,0.06573592809475505,998.9667988437221,0.0,1.0
std_gim,,,,,,
